{
  "agent_name": "DQN_Agent",
  "total_episodes": 100,
  "total_steps": 2942,
  "avg_reward": 0.10579,
  "max_reward": 0.9955,
  "min_reward": -1.024,
  "avg_loss": 0.0474676483922736,
  "timestamp": "2026-02-25T18:31:31.690897"
}