{
  "agent_name": "PPO_Agent",
  "total_episodes": 100,
  "total_steps": 3003,
  "avg_reward": 0.16548499999999997,
  "max_reward": 0.9955,
  "min_reward": -1.0235,
  "avg_loss": 0.17917627315209417,
  "timestamp": "2026-02-25T18:31:36.124172"
}